iteration,MSE_trg,MSE_val,MSE_tst,acc_trg,acc_val,acc_tst,f1_trg,f1_val,f1_tst,bal_trg,bal_val,bal_tst,elapsed
0,0.227864085062,0.2280972814,0.222575702127,0.407806361678,0.41104916371,0.417680454177,0.278969294862,0.293187347932,0.290513833992,0.543651638554,0.565945276566,0.561400247209,0.150088717
10,0.230172816232,0.230603884851,0.224522643878,0.399822582689,0.403953370502,0.413625304136,0.277167277167,0.289855072464,0.289085545723,0.540267151437,0.560409049809,0.559001014963,1.692339374
20,0.22748463892,0.22755857997,0.221894262231,0.409073628184,0.409021794222,0.421735604217,0.277166330801,0.28641370869,0.291252485089,0.541055884834,0.555369147305,0.562730502156,3.223353361
30,0.229097005143,0.229080148262,0.223672733142,0.407172728425,0.418144956918,0.415652879157,0.275178184072,0.291358024691,0.2862803368,0.537924219708,0.563443998899,0.554855744591,4.647176259
40,0.223490282036,0.223530971719,0.218342593579,0.422253199848,0.435884439939,0.430251419303,0.274160165579,0.290630975143,0.286439817166,0.537812236388,0.56321893305,0.556010139583,6.064037998
50,0.226543132289,0.226602334513,0.221494291871,0.416043593968,0.430309173847,0.427412814274,0.274102079395,0.292191435768,0.286868686869,0.537149913986,0.565279907222,0.556468631609,7.526568129
60,0.231516110267,0.231768466945,0.226609197408,0.4021036624,0.412062848454,0.409164639092,0.275936157152,0.289215686275,0.284029484029,0.538605635757,0.559846876597,0.551016972998,8.999627179
70,0.2298439662,0.229783171005,0.224742961265,0.406919275124,0.416624429802,0.41403081914,0.277331686226,0.2934315531,0.285007422068,0.541119673578,0.566563470535,0.552827074394,10.545871119
80,0.222960700467,0.222906346569,0.21759149397,0.423140286402,0.427268119615,0.427818329278,0.275851097677,0.291091593476,0.285569620253,0.540344201364,0.563481346071,0.554570600235,12.011334432
90,0.221266283606,0.220939987613,0.215676689138,0.428082625776,0.435884439939,0.432684509327,0.274553930236,0.294229549778,0.282931829831,0.538918747015,0.568577269332,0.551035815136,13.503157733
100,0.220703626757,0.220528906891,0.21520799844,0.428462805728,0.436391282311,0.434306569343,0.273752012882,0.293519695044,0.284248332478,0.537805483008,0.567537445453,0.553064485333,14.981157085
110,0.211592045204,0.211520744042,0.205726410873,0.455202129008,0.46122655854,0.470802919708,0.270737913486,0.288010716678,0.286495352652,0.536226604143,0.560792349727,0.55862291606,16.45064593
120,0.208341917203,0.20793512171,0.202251888342,0.462679001394,0.471363405981,0.483779399838,0.263633205974,0.288054607509,0.287632904309,0.527602415009,0.561429217282,0.560955572751,17.928660239
130,0.206035913741,0.205302482501,0.199916843907,0.469268787226,0.479979726305,0.489051094891,0.262416343783,0.288488210818,0.284090909091,0.526816935513,0.562506388332,0.556591733577,19.417042318
140,0.202123738405,0.201344009141,0.195944595352,0.479026739323,0.490116573746,0.495944849959,0.257540184215,0.281428571429,0.275218658892,0.521883836951,0.553766167394,0.545704746209,20.873543322
150,0.201060753588,0.200388999157,0.19498533115,0.482321632239,0.488596046629,0.495944849959,0.258216814963,0.277738010021,0.272674078408,0.523163786657,0.548848134607,0.542497814312,22.321821365
160,0.199661172846,0.198992515344,0.193512223328,0.486757065011,0.490623416118,0.49797242498,0.259055982437,0.276457883369,0.272620446533,0.524783861141,0.547368007234,0.542628453136,23.798227451
170,0.19784922891,0.197223970466,0.191708846066,0.493980484096,0.49366447035,0.504055150041,0.261239592969,0.274509803922,0.274183976261,0.528387648927,0.545147816173,0.545158324205,25.274411621
180,0.197071037003,0.196509296322,0.190935639239,0.495247750602,0.498226051698,0.504460665045,0.25952779327,0.275256222548,0.271752085816,0.526460970989,0.546506073829,0.542191315533,26.751797774
190,0.19618640437,0.195485768354,0.190094076273,0.497655556964,0.502787633046,0.506082725061,0.256564141035,0.274944567627,0.266265060241,0.523201728374,0.546524747415,0.535668167338,28.232764762
200,0.191874773695,0.191216797239,0.185881407139,0.508300595615,0.506842372022,0.522708840227,0.255849635596,0.268970698723,0.266666666667,0.523811435805,0.539545740457,0.538022178453,29.711487051
210,0.191023651941,0.19024699211,0.184887877926,0.509441135471,0.50886974151,0.525141930251,0.259138755981,0.269781461944,0.270404984424,0.527831477382,0.540744781224,0.542668649697,31.191447669
220,0.187426570076,0.18643500018,0.181148476057,0.518692180966,0.520527116067,0.538118410381,0.246428571429,0.264385692068,0.265635074146,0.514569619367,0.535583009003,0.538587442594,32.633011221
230,0.186358764947,0.185508227292,0.180064827703,0.522747433785,0.525595539787,0.538523925385,0.246196957566,0.265306122449,0.263906856404,0.514961192622,0.537241026851,0.536689411221,34.084009674
240,0.184066692432,0.18318415521,0.177682949006,0.525915600051,0.526102382159,0.545823195458,0.237930332043,0.254980079681,0.263157894737,0.506464580977,0.525484530408,0.536732120067,35.566694301
250,0.182915911294,0.182015590587,0.176790031651,0.528196679762,0.529143436391,0.547445255474,0.235366605052,0.253815261044,0.259946949602,0.504133989516,0.524603923419,0.533415903769,37.007060088
260,0.179417697175,0.179497882032,0.173515996981,0.534406285642,0.537252914344,0.553527980535,0.229769392034,0.252252252252,0.255578093306,0.499443705666,0.524041750206,0.529531911045,37.798190369
270,0.175757798742,0.175792540285,0.169914039597,0.544164237739,0.547389761784,0.560827250608,0.22695035461,0.253968253968,0.252587991718,0.498525061793,0.527357785902,0.527436665293,38.579048444
280,0.171440987879,0.171766234843,0.165746146091,0.552274743379,0.549417131272,0.569343065693,0.227083789105,0.247248094835,0.253164556962,0.500311821976,0.520519322247,0.529268121112,39.360012208
290,0.168143643369,0.168564911487,0.162683219239,0.562412875428,0.561074505829,0.580291970803,0.218954987559,0.245644599303,0.243973703433,0.494599997299,0.520715886307,0.521849343289,40.151970118
300,0.168767995932,0.16942044039,0.163035373668,0.56279305538,0.560567663457,0.579886455799,0.220515137822,0.242794759825,0.24269005848,0.496163036418,0.517736957975,0.520540442765,40.947137851
310,0.165477137787,0.166499450193,0.160252033045,0.570269927766,0.564115560061,0.586374695864,0.217039944586,0.23487544484,0.234234234234,0.49456414299,0.510458190824,0.513689441368,41.745342649
320,0.162483633201,0.163594198512,0.15703168245,0.576859713598,0.572731880385,0.593268450933,0.213797975041,0.232939035487,0.237262357414,0.493109587712,0.510195777804,0.517768136186,42.526168603
330,0.161574700312,0.16279725119,0.156042495927,0.578507160056,0.574252407501,0.596918085969,0.21259469697,0.230769230769,0.236559139785,0.492411411002,0.508415890239,0.517789490609,43.315216654
340,0.161430437886,0.162822983413,0.155711780928,0.580154606514,0.578813988849,0.598134630981,0.208363201912,0.235510579577,0.234749034749,0.489036931166,0.513792900106,0.516371305685,44.125021624
350,0.158744611332,0.159905513262,0.15302633806,0.587378025599,0.582361885454,0.604217356042,0.20701412567,0.229906542056,0.235109717868,0.489629877936,0.509193301097,0.517832199455,44.944225203
360,0.157079586982,0.157529622639,0.151642775032,0.592700544925,0.59148504815,0.609489051095,0.202481389578,0.232380952381,0.230215827338,0.48709115958,0.51324940048,0.514537337581,45.814335939
370,0.153858570647,0.155571141802,0.148463173372,0.603092130275,0.59655347187,0.619626926196,0.207890743551,0.227184466019,0.233660130719,0.494241699789,0.509549082046,0.519466440896,46.682044562
380,0.152772588119,0.154171204239,0.147482069892,0.606767203143,0.597060314242,0.622465531225,0.204154911516,0.221351616063,0.228666114333,0.492066620253,0.504490505956,0.515801016973,47.558780397
390,0.150279562732,0.151642138375,0.145016472915,0.612089722469,0.604156107451,0.629764801298,0.200991908118,0.21978021978,0.230834035383,0.49086605346,0.50466839643,0.519050657716,48.395468151
400,0.148219071519,0.149469892507,0.143028711312,0.617538968445,0.604662949823,0.638280616383,0.202009518773,0.213709677419,0.234991423671,0.493085828093,0.49960982034,0.524089045432,49.243920201
410,0.146669777715,0.147742044009,0.141374129028,0.620960588012,0.612265585403,0.64395782644,0.197908286404,0.216990788127,0.23652173913,0.490760823519,0.504106223218,0.526378993277,50.073179055
420,0.14308306713,0.144000658446,0.137936004987,0.627423647193,0.621388748099,0.653284671533,0.213483146067,0.236976506639,0.251968503937,0.504620048698,0.522897747376,0.540449045834,50.884608663
430,0.140949457148,0.142195936233,0.135710798682,0.632365986567,0.625443487076,0.654906731549,0.211898940505,0.238928939238,0.254163014899,0.504532745912,0.525295828911,0.542477716031,51.691188362
440,0.138185746208,0.139005639756,0.133574351106,0.63908249905,0.638114546376,0.657339821573,0.210643015521,0.25,0.244861483467,0.505160380498,0.536808585918,0.535365436987,52.50279646
450,0.132552577168,0.133599147487,0.128850778303,0.649600811051,0.647744551445,0.667477696675,0.195987205583,0.226918798665,0.230769230769,0.496997140251,0.519731100366,0.526397835415,53.39253002
460,0.13043820776,0.131305572659,0.126826403477,0.654923330376,0.652306132793,0.673154906732,0.194616977226,0.21867881549,0.235294117647,0.497469262912,0.51439143767,0.530825737858,54.22767967
470,0.128844382634,0.129687966818,0.12525907745,0.660879482955,0.657374556513,0.67396593674,0.188106796117,0.210280373832,0.228406909789,0.494636281368,0.509351535165,0.525960697812,55.058808908
480,0.128801433817,0.129803370322,0.125172973252,0.660879482955,0.658388241257,0.674371451744,0.186131386861,0.21261682243,0.228626320845,0.493298129805,0.511290639619,0.526200621037,55.888870838
490,0.127383999587,0.128333441938,0.123838871732,0.664301102522,0.658895083629,0.680859691809,0.190650779102,0.21101992966,0.232195121951,0.497329345155,0.510250815741,0.53003939263,56.698170352
500,0.122031318327,0.123500466588,0.118550507389,0.681282473704,0.671059300558,0.686942416869,0.181581516433,0.195786864932,0.194154488518,0.496334572272,0.50270963557,0.505844831225,57.512541784
510,0.119198542906,0.120794912739,0.115918935301,0.687238626283,0.677648251394,0.689375506894,0.178975382568,0.19696969697,0.197064989518,0.496512431745,0.505266933994,0.508353347871,58.322109144
520,0.117806047501,0.119388173234,0.114470559422,0.69066024585,0.68170299037,0.693836171938,0.175616345829,0.198979591837,0.199363732768,0.495525578734,0.507665015529,0.510992503341,59.148013941
530,0.116839075594,0.118595657507,0.113599858411,0.695222405272,0.687278256462,0.697080291971,0.172117039587,0.197659297789,0.188925081433,0.494878850501,0.508283209498,0.505429048045,59.985649644
540,0.116538240216,0.118180137649,0.11330087266,0.696109491826,0.687785098834,0.697485806975,0.169667590028,0.195822454308,0.189130434783,0.493730898678,0.507243385619,0.50566897127,60.842149576
550,0.114779245537,0.116310892561,0.112137138446,0.703206184261,0.695387734415,0.705596107056,0.163571428571,0.18231292517,0.178733031674,0.492576193476,0.501023115933,0.501915617369,61.668652704
560,0.113692186821,0.115447206339,0.111245347391,0.704853630719,0.697921946275,0.707218167072,0.168511245984,0.188010899183,0.183257918552,0.495892471455,0.505201085034,0.505013264865,62.48707863
570,0.112161765191,0.114168013216,0.109825973634,0.708401976936,0.702990369995,0.708840227088,0.174973108641,0.190607734807,0.178489702517,0.500667725106,0.508198686952,0.502766025866,63.29707014
580,0.109808934738,0.111608660171,0.107342099626,0.712203776454,0.706538266599,0.716139497161,0.174482006543,0.18793828892,0.189814814815,0.501578449105,0.507617840154,0.511360553105,64.106334345
590,0.107866636862,0.109685914211,0.105141605896,0.71752629578,0.712620375063,0.719789132198,0.173526140156,0.191155492154,0.191812865497,0.502719647547,0.511214962456,0.513519862126,64.905451213
600,0.106891808397,0.108269570397,0.104114777789,0.71955392219,0.717181956412,0.722627737226,0.164590411476,0.186588921283,0.181818181818,0.498566441595,0.509894051972,0.508785460904,65.701042975
610,0.103069910906,0.104568848819,0.100331065181,0.728044607781,0.72174353776,0.728710462287,0.164980544747,0.186666666667,0.17305315204,0.501581703006,0.511252309628,0.505970445478,66.495088416
620,0.10102236411,0.102280811432,0.098388577872,0.734507666962,0.724784591992,0.731549067315,0.179396788092,0.197932053176,0.178660049628,0.511091935605,0.518409207061,0.509787862648,67.295071057
630,0.0976398503844,0.0987028455909,0.0948506547989,0.741097452794,0.7318803852,0.739253852393,0.178528347407,0.197268588771,0.180891719745,0.512648221344,0.519926681606,0.513277426616,68.104565221
640,0.0974844913404,0.0985336990919,0.0946678366798,0.741984539349,0.731373542828,0.740064882401,0.179032258065,0.19696969697,0.181353767561,0.513172958975,0.519626921414,0.513757273065,68.91914057
650,0.0946052211542,0.0955643385748,0.0920150915221,0.749841591687,0.737962493664,0.747769667478,0.182947019868,0.200927357032,0.177248677249,0.517486097246,0.523523803908,0.514039905136,69.728067341
660,0.0920969059499,0.092830464272,0.0896124734082,0.755290837663,0.745565129245,0.756690997567,0.180042462845,0.198083067093,0.180327868852,0.517698644535,0.524001454574,0.518249238778,70.588249758
670,0.0912304415906,0.0920793211522,0.0888442437723,0.75668483082,0.748606183477,0.758718572587,0.177377892031,0.197411003236,0.183813443073,0.516850542788,0.524460431655,0.520517832199,71.446780349
680,0.0865409572907,0.0867457728858,0.0844276037355,0.77518692181,0.77192093259,0.779805352798,0.178703703704,0.202127659574,0.195555555556,0.523111540053,0.532891064198,0.531924862578,72.312582485
690,0.0862191882746,0.0863285618705,0.084011757635,0.775567101762,0.772934617334,0.781427412814,0.180472003702,0.208480565371,0.199108469539,0.524005503391,0.536169752722,0.533953532775,73.167573344
700,0.0824626483304,0.0822931478381,0.0815426826426,0.78557850716,0.780537252914,0.788726682887,0.185755534167,0.214156079855,0.197226502311,0.52925846659,0.5406661556,0.535065218921,74.008949133
710,0.0808628576291,0.0802786202348,0.0798748942874,0.792295019643,0.786112519007,0.799270072993,0.185792349727,0.212686567164,0.200323101777,0.531224252738,0.54128434957,0.539165268161,75.539932264
720,0.0809183108161,0.0803271661096,0.0801774219974,0.791407933088,0.789660415611,0.797648012976,0.183531746032,0.218455743879,0.204146730463,0.530030439326,0.544722254983,0.540343529861,76.356315587
730,0.0794780587931,0.078850553106,0.0788698225922,0.797490812318,0.796249366447,0.802108678021,0.17373319545,0.21484375,0.189368770764,0.527941496082,0.544600385266,0.535499844238,77.173237123
740,0.0790585206751,0.0783536195078,0.0783928592124,0.799264985426,0.798783578307,0.800486618005,0.170680628272,0.213861386139,0.174496644295,0.527318281891,0.544759602154,0.529195264845,77.987423415
750,0.0787124154206,0.078036959532,0.0780716200773,0.801419338487,0.802331474911,0.802514193025,0.16515716569,0.207317073171,0.173174872666,0.525916341584,0.542839171286,0.529325903669,78.825086876
760,0.0783861793036,0.0777036021365,0.0777475078258,0.801039158535,0.803852002027,0.803325223033,0.16843220339,0.221327967807,0.176570458404,0.52702960559,0.549096788143,0.530874727417,79.6699504
770,0.0754684870442,0.0754678646812,0.0753588746652,0.812191103789,0.810440952864,0.811841038118,0.182119205298,0.224066390041,0.174377224199,0.535633534584,0.551654086567,0.532706183236,80.506293714
780,0.0738931679859,0.0738968944991,0.0734520977764,0.815359270054,0.81449569184,0.815085158151,0.204259967231,0.240663900415,0.205574912892,0.544867431149,0.559410504383,0.545315342022,81.325245868
790,0.0736847799602,0.0733594012123,0.0732705359942,0.819034342922,0.815509376584,0.818329278183,0.203125,0.235294117647,0.202846975089,0.545368654739,0.557330856626,0.545096773221,82.1466585
800,0.0728283628977,0.0727493650911,0.0723512412758,0.820935242682,0.820577800304,0.819545823195,0.201243640475,0.24358974359,0.192377495463,0.545154940957,0.561668042615,0.541540633699,82.963650401
810,0.0727804976484,0.0728414606799,0.0724455416664,0.819794702826,0.820070957932,0.817518248175,0.202914798206,0.243070362473,0.190647482014,0.545483891961,0.561368282423,0.540341017576,83.786009186
820,0.0713988184475,0.0706723406172,0.0708759807147,0.824990495501,0.824125696908,0.82400648824,0.203115983843,0.233995584989,0.193308550186,0.546884665775,0.558408027676,0.54311081187,85.318701606
830,0.0701582762988,0.0699129018738,0.0699081364422,0.830313014827,0.830714647745,0.827250608273,0.193859121011,0.226851851852,0.174418604651,0.545015023201,0.556946573888,0.537547356574,86.842287225
840,0.069587531982,0.0699117990081,0.0698393479019,0.835762260803,0.834769386721,0.827656123277,0.177664974619,0.216346153846,0.158415841584,0.541213115801,0.553986319141,0.532442393303,88.344504906
850,0.0689231331792,0.0691784246388,0.0688891728392,0.835508807502,0.833248859605,0.830494728305,0.196782178218,0.222222222222,0.186770428016,0.547419410688,0.555766206707,0.542673674267,89.828108222
860,0.0687524018679,0.0693503310688,0.0685753339439,0.836142440755,0.833755701977,0.831711273317,0.198388096714,0.222748815166,0.194174757282,0.548128761172,0.556065966899,0.545531398539,91.336163527
870,0.0682205787577,0.0685772612219,0.0678261004005,0.835888987454,0.835783071465,0.835360908354,0.196151458721,0.232227488152,0.200787401575,0.547309760353,0.559944175807,0.548759684859,92.910194465
880,0.0681943761725,0.068453052967,0.0677555245789,0.835762260803,0.835783071465,0.83495539335,0.203931203931,0.235849056604,0.203522504892,0.549911100961,0.561283759877,0.549588738933,94.465420004
890,0.0680456643596,0.0683257473442,0.0676539057507,0.836522620707,0.836796756209,0.834549878345,0.205665024631,0.236966824645,0.206225680934,0.550695413964,0.561883280261,0.550417793008,96.068360769
900,0.0674131733641,0.0670256082304,0.0667847028998,0.837409707261,0.840344652813,0.839821573398,0.218159658745,0.258823529412,0.241842610365,0.555234606284,0.570679521956,0.564226567917,97.663524943
910,0.0667355094266,0.0661252181406,0.0660437590931,0.840197693575,0.842878864673,0.84103811841,0.211382113821,0.251207729469,0.225296442688,0.553538402789,0.568159570704,0.558532473797,99.216936542
920,0.0666424478504,0.0660733073179,0.0660099501303,0.840070966924,0.842372022301,0.841443633414,0.213216957606,0.254196642686,0.225742574257,0.554132516052,0.569199394583,0.558772397021,100.776930676
930,0.0662710721223,0.0656079336789,0.0657408186134,0.841464960081,0.841358337557,0.841443633414,0.21958827199,0.252983293556,0.225742574257,0.556629793212,0.568599874199,0.558772397021,102.288899992
940,0.0654961087869,0.0642987063707,0.0648990557173,0.844886579648,0.845919918905,0.843471208435,0.238805970149,0.27619047619,0.215447154472,0.56400638747,0.577995636278,0.555696103948,103.878065335
950,0.0651661205465,0.0643377687588,0.0647680114973,0.844886579648,0.847947288393,0.845093268451,0.245376078915,0.285714285714,0.229838709677,0.566348152705,0.581873845186,0.560931706043,105.4346811
960,0.0649725643258,0.0642205161886,0.0644811577878,0.843872766443,0.845919918905,0.845093268451,0.246943765281,0.286384976526,0.236,0.566752066227,0.582014388489,0.563069660641,106.951347829
970,0.0646351394632,0.0636441389181,0.0640174451377,0.844252946395,0.848454130765,0.843876723439,0.250152532032,0.296470588235,0.228456913828,0.567980567456,0.586192357589,0.560211936369,108.491635147
980,0.0640800341742,0.0629957456227,0.0634612528724,0.844886579648,0.851495184997,0.845093268451,0.27573964497,0.335600907029,0.265384615385,0.577722440991,0.602726343515,0.57375943363,109.990624616
990,0.0636642872244,0.062664803397,0.0629302321018,0.846027119503,0.852002027369,0.849553933496,0.271145770846,0.324074074074,0.265346534653,0.576055338424,0.597667767425,0.574260634503,111.477450487
1000,0.0632237883787,0.062193292617,0.0624579934941,0.847801292612,0.853015712114,0.850364963504,0.267236119585,0.309523809524,0.25754527163,0.574763048451,0.591569367457,0.571533549055,113.00567585
1010,0.0631741237198,0.0621370400141,0.0624009424789,0.847928019262,0.853015712114,0.850364963504,0.268292682927,0.309523809524,0.25754527163,0.575172548861,0.591569367457,0.571533549055,114.605932584
1020,0.0631516395132,0.0621943922369,0.0622540180197,0.848308199214,0.853522554486,0.851175993512,0.26247689464,0.310262529833,0.261569416499,0.573055671182,0.591869127649,0.573082372803,116.166705955
1030,0.0630751298847,0.0621469410452,0.0621857759302,0.849068559118,0.853522554486,0.851581508516,0.264360716492,0.306954436451,0.262096774194,0.573839984185,0.590529543578,0.573322296028,117.726978417
1040,0.0624581493314,0.0612855347529,0.0615540812127,0.850842732227,0.85960466295,0.853609083536,0.275692307692,0.335731414868,0.264765784114,0.578234838355,0.602164170303,0.57452191215,119.322439694
1050,0.0614421379457,0.0601471651618,0.060124342443,0.854391078444,0.861632032438,0.854825628548,0.288544891641,0.351543942993,0.278225806452,0.583344629896,0.608721547352,0.57951759102,120.904005482
1060,0.0613524768639,0.0601858798464,0.0600641943718,0.854644531745,0.860111505322,0.854420113544,0.292412091302,0.342857142857,0.26883910387,0.584832706497,0.605143098636,0.576070735899,122.454257369
1070,0.0608603824919,0.059661230285,0.0593300217066,0.855278164998,0.862645717182,0.85604217356,0.305352798054,0.356294536817,0.288577154309,0.589891049561,0.610660651806,0.583444292591,124.05987814
1080,0.0604503141889,0.0594410166846,0.058657579398,0.855404891649,0.860111505322,0.859691808597,0.309739866909,0.349056603774,0.318897637795,0.591638701534,0.607822266777,0.595224397303,125.132725189
1090,0.0599683357116,0.0590681492354,0.0581492808079,0.856798884805,0.85960466295,0.862530413625,0.306748466258,0.342042755344,0.323353293413,0.590456061895,0.604843338444,0.596903859875,125.967584612
1100,0.0599170015589,0.0591036462589,0.0580505657043,0.857559244709,0.860618347694,0.862935928629,0.310429447853,0.352941176471,0.329365079365,0.59190945068,0.609461611039,0.599281737697,126.784025546
1110,0.0595470414614,0.0587348253387,0.0574651719886,0.857939424661,0.859097820578,0.863746958637,0.321017565112,0.35046728972,0.338582677165,0.596148792925,0.608562330463,0.602968516043,127.60183797
1120,0.059292806465,0.058353570312,0.057205634643,0.858192877962,0.860618347694,0.863341443633,0.32222895215,0.355971896956,0.332673267327,0.596633255854,0.610801195109,0.600590638221,128.417158499
1130,0.0592076527988,0.058064816046,0.0570477572659,0.858192877962,0.861632032438,0.863746958637,0.327927927928,0.360655737705,0.335968379447,0.598975021089,0.612740299564,0.601899538744,129.257994405
1140,0.0591027704724,0.0578994881159,0.0568464751691,0.858826511215,0.860618347694,0.862935928629,0.326481257557,0.358974358974,0.332015810277,0.59834622001,0.61214077918,0.600350714996,130.096268885
1150,0.0588970117505,0.0577302287452,0.056576255274,0.858573057914,0.860618347694,0.863746958637,0.326899879373,0.352941176471,0.34375,0.598530832864,0.609461611039,0.605106470641,131.705225467
1160,0.0588727269067,0.0577547021767,0.0565786356642,0.858699784565,0.861632032438,0.862530413625,0.326283987915,0.360655737705,0.33918128655,0.598271257492,0.612740299564,0.603317723669,133.266984271
1170,0.05890727843,0.0575509118617,0.0566461577047,0.859586871119,0.861632032438,0.864557988646,0.328484848485,0.366589327146,0.34765625,0.599130533014,0.615419467705,0.60665529439,134.832499183
1180,0.0584084196086,0.0571751157411,0.0560539678332,0.859333417818,0.863659401926,0.866180048662,0.331325301205,0.378752886836,0.357976653696,0.600318759539,0.620637260683,0.610821919185,136.439686454
1190,0.0583534057213,0.0569767394966,0.0560262053466,0.859206691167,0.863152559554,0.865369018654,0.331930246542,0.377880184332,0.356589147287,0.600578334911,0.620337500491,0.610342072736,138.007594332
1200,0.0582043259538,0.0568157217671,0.0558381580399,0.860220504372,0.863659401926,0.865774533658,0.331920048455,0.378752886836,0.35477582846,0.60050895928,0.620637260683,0.609513018661,139.572540038
1210,0.058141640824,0.0567929826271,0.0557551673296,0.85984032442,0.864166244298,0.865369018654,0.331318016929,0.37962962963,0.354085603113,0.600284071723,0.620937020875,0.609273095437,141.115165709
1220,0.0581752392239,0.0568345099643,0.0557374558047,0.85984032442,0.863152559554,0.865774533658,0.333734939759,0.375,0.359767891683,0.601287685396,0.618997916421,0.611650973259,142.650193722
1230,0.0578526952647,0.0565201655948,0.055527464662,0.860220504372,0.865686771414,0.865774533658,0.343061346039,0.393592677346,0.362235067437,0.60519248975,0.627194637732,0.612719950558,144.221332038
1240,0.0578022387835,0.0564610628403,0.0554745495213,0.860727410975,0.865686771414,0.865774533658,0.34309623431,0.390804597701,0.359767891683,0.605157801934,0.625855053662,0.611650973259,145.791957566
1250,0.0576927489232,0.0564667720875,0.0552487350697,0.860093777721,0.865179929042,0.865774533658,0.344418052257,0.392694063927,0.362235067437,0.605786603013,0.626894877541,0.612719950558,146.659050726
1260,0.0576040961707,0.0564451884741,0.0551820141908,0.860473957673,0.863659401926,0.865774533658,0.352733686067,0.392776523702,0.364683301344,0.609356869477,0.627335181035,0.613788927857,147.522620989
1270,0.0572554926561,0.0561265593711,0.0549931207176,0.861107590926,0.866700456158,0.862935928629,0.362048894063,0.408988764045,0.371747211896,0.613411598869,0.634492078468,0.61745435178,148.391443544
1280,0.0571886241575,0.0560397454444,0.0548448515951,0.860473957673,0.866193613786,0.862124898621,0.362478286045,0.408071748879,0.368029739777,0.613705862057,0.634192318277,0.615905528032,149.221477284
1290,0.0571166664483,0.0558628492168,0.0547473882206,0.861107590926,0.866193613786,0.862530413625,0.365740740741,0.410714285714,0.368715083799,0.615084288323,0.635531902347,0.616145451257,150.751598998
1300,0.0571354495943,0.0559084033411,0.0548037466593,0.861361044228,0.865686771414,0.862124898621,0.366164542294,0.407158836689,0.368029739777,0.61523421336,0.633892558085,0.615905528032,152.259150022
1310,0.0570404364861,0.055529503341,0.0545204531757,0.860347231023,0.865686771414,0.862124898621,0.374574347333,0.42265795207,0.384057971014,0.619318043681,0.641930062507,0.623388369125,153.748355073
1320,0.0568749498807,0.0555473126448,0.0540837993873,0.860220504372,0.863152559554,0.861719383617,0.38137969714,0.423076923077,0.383363471971,0.62258846007,0.643110429689,0.6231484459,155.275260298
1330,0.0565833720489,0.0551951100059,0.0537433045703,0.861107590926,0.864166244298,0.865369018654,0.388392857143,0.42735042735,0.402877697842,0.625789500827,0.645049534143,0.631721618716,156.811389147
1340,0.0565883987749,0.0552017374487,0.0537445950229,0.861107590926,0.864166244298,0.865369018654,0.388392857143,0.42735042735,0.402877697842,0.625789500827,0.645049534143,0.631721618716,158.297280024
1350,0.0566787431683,0.0549839000135,0.0540758552023,0.859967051071,0.865179929042,0.860502838605,0.40108401084,0.438818565401,0.402777777778,0.632474671755,0.651007390809,0.633118449217,159.786715638
1360,0.0560372355175,0.0545329801931,0.0535499738955,0.863135217336,0.86720729853,0.866585563666,0.398663697105,0.4329004329,0.40933572711,0.630334280034,0.646848095294,0.634579342987,161.320524619
1370,0.0559869114603,0.0544953341217,0.0535758431523,0.862121404131,0.867714140902,0.86496350365,0.399558498896,0.438709677419,0.406417112299,0.631072731448,0.649827023627,0.633619650089,162.840959243
1380,0.0559830649816,0.0544317198024,0.0535165034603,0.862121404131,0.866700456158,0.864557988646,0.405464480874,0.44161358811,0.411971830986,0.634083572464,0.651906671384,0.636586658761,164.332562048
1390,0.055878383705,0.0544027651405,0.0535885871633,0.861994677481,0.865686771414,0.860097323601,0.41230437129,0.451345755694,0.406196213425,0.637688526744,0.658005071353,0.63501648059,165.778145774
1400,0.0555304963896,0.0544385806843,0.0535838721522,0.863768850589,0.865179929042,0.861313868613,0.414806750136,0.445833333333,0.4,0.638403464116,0.65502614302,0.631460341068,167.307823344
1410,0.0554418454825,0.0543569653578,0.053559364403,0.863515397288,0.865179929042,0.859286293593,0.421900161031,0.452674897119,0.404802744425,0.642267993767,0.659044895231,0.634536634141,168.829855894
1420,0.055302223687,0.0536009313934,0.0533618983496,0.864149030541,0.870755195134,0.862935928629,0.426124197002,0.474226804124,0.425170068027,0.644315495815,0.669040177694,0.644178784255,170.318667992
1430,0.0554752922546,0.0536948609687,0.0535632877654,0.864022303891,0.869234668018,0.860097323601,0.425281199786,0.469135802469,0.418212478921,0.643905995405,0.666801313048,0.641430344384,171.838222468
1440,0.0553552539674,0.0535194302209,0.0532057054616,0.862755037384,0.868727825646,0.860502838605,0.43328100471,0.480961923848,0.430463576159,0.648843514361,0.674539057279,0.648084131403,173.372292794
1450,0.0547501547904,0.0532796947701,0.0529284387584,0.864402483842,0.86974151039,0.862530413625,0.427194860814,0.470103092784,0.426395939086,0.644799958743,0.66710107324,0.645007838329,174.868727409
1460,0.0546247928943,0.0531907880079,0.0530123256751,0.864782663794,0.869234668018,0.862124898621,0.432748538012,0.469135802469,0.425675675676,0.647701149425,0.666801313048,0.644767915105,176.357783615
1470,0.0545732983484,0.0532954922672,0.0528166324119,0.864909390445,0.86974151039,0.864152473642,0.431769722814,0.470103092784,0.436974789916,0.647107036163,0.66710107324,0.650243440424,177.888939392
1480,0.0545532759361,0.0533847433177,0.0528255287482,0.865036117095,0.870755195134,0.862935928629,0.430785676109,0.469854469854,0.429054054054,0.6465129229,0.666361009553,0.646316738853,179.417592391
1490,0.0543759500642,0.0534651827431,0.0527546363693,0.865543023698,0.870755195134,0.865774533658,0.429876410532,0.465408805031,0.430292598967,0.645809159302,0.663681841412,0.645858246827,180.90701292
1500,0.0543340075506,0.0535780218193,0.0525637937714,0.865416297047,0.871262037506,0.864557988646,0.432692307692,0.473029045643,0.430034129693,0.647406886237,0.668000353815,0.646207454452,182.400062894
1510,0.0542839081248,0.0535354760863,0.0526064428003,0.865796476999,0.871262037506,0.864557988646,0.433386837881,0.473029045643,0.430034129693,0.647631773794,0.668000353815,0.646207454452,183.894342227
1520,0.0542907548012,0.0531007914132,0.0525566531478,0.866176656951,0.870248352762,0.863746958637,0.444794952681,0.475409836066,0.432432432432,0.653878343384,0.670080001573,0.647865562601,185.413184887
1530,0.0540227328856,0.0528901189266,0.0524875702199,0.866303383602,0.871262037506,0.864152473642,0.441503440974,0.479508196721,0.435075885329,0.651946078558,0.672019106027,0.649174463125,186.903574993
1540,0.0538892586342,0.0527555570499,0.0522464894692,0.866430110252,0.871768879878,0.865774533658,0.447009443861,0.478350515464,0.447412353923,0.655031882093,0.670979282148,0.655479042518,188.381597954
1550,0.053710042362,0.0528799196559,0.0520866427423,0.867063743505,0.868220983274,0.863746958637,0.460668380463,0.484126984127,0.449180327869,0.662766528284,0.676918465228,0.657486358292,189.904610135
1560,0.0532458401582,0.0521771319605,0.0514688900709,0.868837916614,0.872782564622,0.867396593674,0.462895692787,0.488798370672,0.464811783961,0.663146927765,0.676937138814,0.664990553808,191.453177922
1570,0.0530679420412,0.0518918414136,0.0511687196269,0.869471549867,0.872782564622,0.867802108678,0.461859979101,0.484599589322,0.451178451178,0.662183588795,0.674257970673,0.656678658641,192.935634684
1580,0.0528131294863,0.0516649725353,0.0508784145631,0.870231909771,0.874303091738,0.870235198702,0.46387434555,0.491803278689,0.464882943144,0.662967901798,0.677836419389,0.663463084483,194.467612869
1590,0.0529947748312,0.0520234157971,0.0509676911211,0.869725003168,0.872782564622,0.869424168694,0.471193415638,0.492929292929,0.48064516129,0.667686120085,0.679616306954,0.673673011024,196.051687163
1600,0.0529819092052,0.0518490120592,0.0508483435434,0.870231909771,0.875316776483,0.869829683698,0.45934530095,0.497959183673,0.460504201681,0.660291598672,0.681115107914,0.661085206661,197.564533418
1610,0.0526642775575,0.0516357875816,0.0506529359262,0.870358636421,0.873289406994,0.869829683698,0.46967340591,0.5,0.472906403941,0.666388243225,0.683934819358,0.668568047754,199.082862346
1620,0.0526764676476,0.0517200243363,0.0504553998591,0.870358636421,0.872782564622,0.869829683698,0.465796344648,0.486707566462,0.462311557789,0.66404647799,0.675597554743,0.66215418396,200.562627229
1630,0.0525085825002,0.0514728823818,0.05071870583,0.87010518312,0.87480993411,0.868613138686,0.459102902375,0.494887525562,0.456375838926,0.660216636154,0.679475763651,0.659296459688,202.002304018
1640,0.0524651771417,0.0514920476827,0.0507082936625,0.870231909771,0.873289406994,0.868613138686,0.458773784355,0.487704918033,0.456375838926,0.659957060782,0.675897314935,0.659296459688,203.457188538
1650,0.0522972431775,0.051379400655,0.0508100369627,0.871499176277,0.877344145971,0.869829683698,0.46743697479,0.502057613169,0.465890183028,0.664386602767,0.682314148681,0.664292138558,204.918548962
1660,0.0520589299853,0.0511633817223,0.050619697221,0.871879356229,0.876330461227,0.869424168694,0.472062663185,0.502040816327,0.466887417219,0.666953255559,0.683054212368,0.665121192632,206.373459467
1670,0.0517421020551,0.050922360223,0.0503139422134,0.870612089722,0.875316776483,0.870640713706,0.468505986465,0.504032258065,0.474464579901,0.66553455459,0.685133860125,0.669047894203,207.885545441
1680,0.0516487691979,0.0508719764848,0.0501674144632,0.870992269674,0.875316776483,0.871857258719,0.469238790407,0.504032258065,0.478547854785,0.665759442146,0.685133860125,0.670836641175,209.446240799
1690,0.0518362284669,0.051648457345,0.0505777616794,0.870738816373,0.870755195134,0.873073803731,0.483805668016,0.506769825919,0.505529225908,0.67497657805,0.690473522821,0.687591070334,210.985876656
1700,0.0514583459941,0.0510416875766,0.0501805972358,0.872386262831,0.87227572225,0.873073803731,0.478508544795,0.493975903614,0.486042692939,0.670598484542,0.680656130833,0.674763342746,212.504156654
1710,0.0508417639024,0.0504132976412,0.0494352531858,0.874413889241,0.874303091738,0.874290348743,0.489438433797,0.502008032129,0.493464052288,0.676146877421,0.684534339741,0.678690044317,213.949544439
1720,0.050793814561,0.0505323589847,0.0493897452749,0.873653529337,0.872782564622,0.875506893755,0.485286525555,0.499001996008,0.499184339315,0.674024412855,0.683635059166,0.681547768588,215.423992243
1730,0.0507454587731,0.0502082621339,0.0493103040722,0.873780255988,0.87480993411,0.874695863747,0.483937823834,0.50101010101,0.494271685761,0.673095761701,0.683494515863,0.678929967541,216.949097339
1740,0.0507373327404,0.0503401222373,0.0493037753056,0.873780255988,0.87480993411,0.874290348743,0.483402489627,0.50101010101,0.491803278689,0.672761223811,0.683494515863,0.677621067018,218.448968886
1750,0.0506835519421,0.0502138191098,0.0492283570184,0.87416043594,0.875316776483,0.874290348743,0.483619344774,0.5,0.490131578947,0.672651573476,0.682454691984,0.676552089719,219.92873408
1760,0.0506983531642,0.050100373826,0.0491102664767,0.87428716259,0.875316776483,0.873884833739,0.486010362694,0.506024096386,0.492659053834,0.674064687558,0.686473444195,0.678450121092,221.379680539
1770,0.0502340582117,0.0498782367393,0.0487365556601,0.877328602205,0.876837303599,0.876723438767,0.491062039958,0.505091649695,0.486486486486,0.675194712226,0.68469355663,0.672646742571,222.215749236
1780,0.0498437133907,0.0497361448734,0.0486562558701,0.877455328856,0.874303091738,0.877128953771,0.499223200414,0.49593495935,0.495840266223,0.680287743106,0.68051558753,0.678231552291,223.306449315
1790,0.0498035853615,0.050051441039,0.049001581226,0.876948422253,0.873796249366,0.877128953771,0.506354855109,0.501002004008,0.508914100486,0.685340499284,0.684234579549,0.686783370683,224.881751715
1800,0.0496990463867,0.0497967149985,0.0487196582591,0.878722595362,0.871262037506,0.875912408759,0.505426356589,0.483739837398,0.496710526316,0.683379133529,0.674698274168,0.679649737215,226.390181197
1810,0.0494581772829,0.0496382686238,0.0488610815094,0.878088962109,0.873289406994,0.875912408759,0.5005192108,0.48347107438,0.49,0.6806625557,0.673218146794,0.675373828019,227.977329469
1820,0.0493664263769,0.0494815341497,0.0487059581901,0.878469142061,0.873796249366,0.875912408759,0.499216710183,0.484472049689,0.484848484848,0.679549291693,0.673517906986,0.672166896122,229.572561573
1830,0.0493564432643,0.0494820118271,0.0486837453924,0.878215688759,0.87480993411,0.875912408759,0.497647673811,0.488612836439,0.486577181208,0.678730290874,0.67545701144,0.673235873421,231.12517933
1840,0.0493491054669,0.0494038778824,0.048679345969,0.878088962109,0.874303091738,0.875912408759,0.496861924686,0.485477178423,0.484848484848,0.678320790465,0.673817667178,0.672166896122,232.283637589
1850,0.0492737362485,0.0494983998256,0.0486798365177,0.877455328856,0.873289406994,0.876317923763,0.497662337662,0.485596707819,0.489112227806,0.679284129434,0.674557730864,0.674544773945,233.100953803
1860,0.0492241549163,0.0493659213066,0.0486340958378,0.877708782157,0.875316776483,0.879562043796,0.49343832021,0.489626556017,0.492307692308,0.676423213455,0.675756771632,0.674326205143,233.924184314
1870,0.0489785626948,0.0491824858006,0.0482588874927,0.878849322012,0.877850988343,0.881589618816,0.495248152059,0.49896049896,0.5,0.676763338233,0.679934740732,0.677663775864,234.747125727
1880,0.0490205327741,0.0491362669579,0.0483957350688,0.878722595362,0.877344145971,0.88199513382,0.499215070644,0.5,0.509274873524,0.67936467884,0.680974564611,0.683248585584,235.565035407
1890,0.0489194760316,0.0490652969747,0.0481384555483,0.878469142061,0.876330461227,0.883211678832,0.492860920148,0.49377593361,0.506849315068,0.675534837004,0.677695876086,0.68076142336,236.365797427
1900,0.0484519983802,0.0488000556389,0.0473097646485,0.879356228615,0.877344145971,0.883617193836,0.502612330199,0.50612244898,0.520868113523,0.681077642997,0.684993316822,0.689553164977,237.168121709
1910,0.0481756035895,0.0485618915102,0.0470001965264,0.879863135217,0.879371515459,0.885239253852,0.504702194357,0.514285714286,0.525963149079,0.682046568853,0.68887152573,0.691581835174,237.972869653
1920,0.0481836369771,0.048502912948,0.047016247181,0.879356228615,0.877850988343,0.883211678832,0.503131524008,0.50916496945,0.513513513514,0.681412180887,0.686632661084,0.685037332556,238.795786649
1930,0.0480757131049,0.048674009244,0.0468689902338,0.879863135217,0.877344145971,0.884833738848,0.506763787721,0.51012145749,0.523489932886,0.683384720416,0.687672484963,0.69027293465,239.620901324
1940,0.0479728627046,0.0485994054298,0.0467671662045,0.880750221772,0.876837303599,0.884833738848,0.51015096304,0.505091649695,0.523489932886,0.68491307172,0.68469355663,0.69027293465,240.464744198
1950,0.0480347891045,0.0485601782932,0.0468835425695,0.881130401723,0.878357830715,0.883211678832,0.507352941176,0.506172839506,0.508532423208,0.682796194041,0.684253253135,0.681830400659,241.277252713
1960,0.0478404474509,0.0483873068889,0.0464377687618,0.881764034977,0.876330461227,0.885239253852,0.517330574237,0.50406504065,0.524369747899,0.688858150777,0.684393796438,0.690512857875,242.077101698
1970,0.0476593395982,0.0484396744081,0.0462638316899,0.882144214928,0.876330461227,0.884833738848,0.520618556701,0.508064516129,0.523489932886,0.690755727787,0.687072964579,0.69027293465,242.877757916
1980,0.0475789976294,0.0484891354437,0.04620704289,0.882144214928,0.877850988343,0.885644768856,0.524539877301,0.517034068136,0.53,0.693432030913,0.691990997366,0.693959712997,243.682678806
1990,0.0475543926581,0.0483108184976,0.0462171409158,0.881130401723,0.878357830715,0.884833738848,0.524822695035,0.527559055118,0.531353135314,0.694505020217,0.69898867791,0.695617821145,244.505691725
2000,0.0475084988688,0.0484068289281,0.0461800117694,0.881383855025,0.877850988343,0.885239253852,0.527272727273,0.52652259332,0.535303776683,0.695993096818,0.698688917718,0.697995698968,245.330338756
2010,0.0474016120528,0.0484961944235,0.0461415066608,0.88252439488,0.87480993411,0.884833738848,0.528723945094,0.508946322068,0.526666666667,0.695998683705,0.688852852145,0.692410889248,246.151985938
2020,0.0473398007271,0.0484102700523,0.0460899386541,0.88239766823,0.875316776483,0.885239253852,0.529888551165,0.513833992095,0.530679933665,0.696927334858,0.691831780477,0.694788767071,246.958501775
2030,0.047240889063,0.0485214811291,0.0459496883643,0.882651121531,0.878864673087,0.885239253852,0.532323232323,0.528599605523,0.538336052202,0.698415411459,0.699288438102,0.700133653566,247.761189258
2040,0.0472342531807,0.048777562648,0.0458329306237,0.883284754784,0.879371515459,0.886861313869,0.533670886076,0.533333333333,0.543371522095,0.698790224053,0.702267366435,0.702162323763,248.567937113
2050,0.0473153987276,0.0489125859577,0.0459247848772,0.881890761627,0.877344145971,0.885644768856,0.523517382413,0.516,0.53,0.692947567985,0.691691237174,0.693959712997,249.369009489
2060,0.0470646760532,0.0485041817392,0.0456693986457,0.883538208085,0.878864673087,0.887266828873,0.528476141611,0.526732673267,0.53355704698,0.694925694401,0.697948854032,0.694919405895,250.191455066
2070,0.0470226434852,0.0483928004754,0.0455911714243,0.882904574832,0.882919412063,0.884833738848,0.514705882353,0.525667351129,0.513698630137,0.686187434538,0.693649015214,0.683859070856,251.013321764
2080,0.0468016090473,0.0484349144423,0.0456777328602,0.883284754784,0.877850988343,0.883617193836,0.529862174579,0.522772277228,0.519262981575,0.696113920927,0.696009749577,0.688484187678,251.834618303
2090,0.0466193484421,0.0484009128021,0.0455419286359,0.884171841338,0.877850988343,0.885644768856,0.543,0.535645472062,0.540716612378,0.704667567936,0.705386838071,0.701442554089,252.637232618
2100,0.0466741475911,0.0484827173724,0.0455914415871,0.883791661386,0.877850988343,0.885644768856,0.543554006969,0.537428023033,0.546623794212,0.705446294052,0.706726422141,0.705718463285,253.437376706
2110,0.0465727171186,0.048436964366,0.04554909484,0.884171841338,0.878357830715,0.886861313869,0.541624874624,0.53488372093,0.544861337684,0.703663954264,0.704347014192,0.703231301062,254.239192526
2120,0.0465898578665,0.0485857305217,0.0453870163521,0.883791661386,0.878864673087,0.886455798865,0.541270635318,0.539499036609,0.542483660131,0.703773604598,0.707325942525,0.701922400539,255.043986596
2130,0.0464669475203,0.04825654801,0.0452483014274,0.884678747941,0.879878357831,0.887266828873,0.544544544545,0.539805825243,0.548701298701,0.705301955902,0.706585878838,0.705609178885,255.866848573
2140,0.0463547050784,0.0481014524414,0.0450921077704,0.884932201242,0.880892042575,0.887672343877,0.541876892028,0.54011741683,0.545155993432,0.703110115704,0.705845815151,0.702642170212,256.688135742
2150,0.0463484589073,0.0481167919139,0.0450607741478,0.885185654543,0.881398884947,0.887672343877,0.543346774194,0.54296875,0.545155993432,0.703929116523,0.707485159413,0.702642170212,257.507838778
2160,0.0463461452796,0.0479663882976,0.0451604823691,0.884932201242,0.881905727319,0.887266828873,0.539553752535,0.544031311155,0.539735099338,0.70143742625,0.707784919605,0.699195315091,258.310512201
2170,0.046291300731,0.0479876916927,0.0450660315729,0.885565834495,0.881398884947,0.887672343877,0.54462934947,0.54296875,0.546644844517,0.70448854197,0.707485159413,0.703711147511,259.110549356
2180,0.0462310010194,0.0479061374606,0.0452685070977,0.886072741097,0.882412569691,0.887672343877,0.542958820539,0.541501976285,0.542148760331,0.7027811647,0.705405511656,0.700504215614,259.913928737
2190,0.0462374391434,0.0476451335399,0.0450512161568,0.886833101001,0.882919412063,0.887672343877,0.559012345679,0.55145631068,0.5568,0.713936152317,0.7124031922,0.711193988604,260.723096532
2200,0.0463221616234,0.0479867966949,0.0456180824822,0.886072741097,0.881905727319,0.884428223844,0.544348707552,0.540433925049,0.528925619835,0.703784778372,0.705105751464,0.694308920622,261.544889361
2210,0.0460831151474,0.0478612718757,0.0450983869289,0.887086554302,0.882412569691,0.888888888889,0.553383458647,0.546875,0.549342105263,0.709402546884,0.709424263868,0.704430917185,262.371498993
2220,0.0459938645266,0.0479659122985,0.0451685159269,0.887213280953,0.882919412063,0.887672343877,0.5523138833,0.546168958743,0.546644844517,0.70847389573,0.708384439989,0.703711147511,263.19277922
2230,0.046041752589,0.0479630831984,0.0451611404959,0.887340007604,0.884439939179,0.889699918897,0.55393878575,0.5546875,0.554098360656,0.709552471921,0.713302472776,0.707048718232,263.994172966
2240,0.0458848560163,0.047740400218,0.0450061625772,0.888100367507,0.882412569691,0.887266828873,0.560039860488,0.546875,0.545751633987,0.713347625941,0.709424263868,0.703471224287,264.7970716
2250,0.0458631969529,0.0477747905067,0.0450078911632,0.88860727411,0.881398884947,0.886861313869,0.56071964018,0.541176470588,0.544861337684,0.713312938126,0.706145575343,0.703231301062,265.598777607
2260,0.0458512683942,0.0476954996192,0.0449417750672,0.888100367507,0.881905727319,0.887672343877,0.556949322629,0.540433925049,0.546644844517,0.711005860706,0.705105751464,0.703711147511,266.413641255
2270,0.0458129175978,0.0478129212451,0.044909277505,0.888100367507,0.882919412063,0.887672343877,0.555611474585,0.540755467197,0.545155993432,0.710002247034,0.704365687778,0.702642170212,267.237692778
2280,0.045760699249,0.0478073429609,0.0448003849457,0.887973640857,0.883933096807,0.888077858881,0.555778894472,0.5483234714,0.549019607843,0.710261822406,0.708983960373,0.705020048035,268.064755267
2290,0.0453774110767,0.047802850398,0.0443979262494,0.888227094158,0.882412569691,0.887266828873,0.558558558559,0.539682539683,0.547231270358,0.712084436897,0.704065927586,0.704540201586,268.885036766
2300,0.0453160678168,0.0478014118377,0.0442407293049,0.888353820809,0.882412569691,0.887672343877,0.558838257386,0.537848605578,0.546644844517,0.712159399416,0.702726343515,0.703711147511,269.685932934
2310,0.0452832359322,0.0477697213755,0.0442486297713,0.888987454062,0.882412569691,0.888483373885,0.561561561562,0.537848605578,0.551386623165,0.713537825682,0.702726343515,0.706328948558,270.486272143
2320,0.0452148125384,0.0477247655987,0.0442493635739,0.888860727411,0.883426254435,0.890510948905,0.562593516209,0.541832669323,0.55737704918,0.714466476835,0.704665447969,0.70859754198,271.296195848
2330,0.0453143779744,0.047609507922,0.0442964426592,0.888480547459,0.885960466295,0.889294403893,0.559118236473,0.547283702213,0.550247116969,0.712234361935,0.706164248929,0.70467084041,272.125843203
2340,0.0451744763675,0.0477479551222,0.0442320017994,0.889240907363,0.883933096807,0.890510948905,0.563872255489,0.541082164329,0.55737704918,0.715025902282,0.703625624091,0.70859754198,272.957198723
2350,0.0451455946773,0.0473894614574,0.0440078576768,0.889367634013,0.884439939179,0.891727493917,0.5658876181,0.551181102362,0.565853658537,0.716439016364,0.710623304635,0.71359322085,273.790387373
2360,0.0452618387966,0.047399863976,0.0437258852609,0.889114180712,0.883933096807,0.892944038929,0.567901234568,0.550098231827,0.57003257329,0.718296318671,0.710323544443,0.715381967823,274.62509515
2370,0.0451027599971,0.0474030668627,0.0439825145604,0.889114180712,0.884439939179,0.892538523925,0.56618740704,0.551181102362,0.567699836868,0.716958167108,0.710623304635,0.714073067299,275.436774735
2380,0.0448578890563,0.047690218925,0.0438679713822,0.88860727411,0.884439939179,0.892538523925,0.575976845152,0.566539923954,0.581358609795,0.725356302193,0.722679561269,0.724762840289,276.247949328
2390,0.0448261394727,0.0474787347315,0.0437183991913,0.887466734254,0.886974151039,0.892133008921,0.565557729941,0.568665377176,0.573717948718,0.7183254196,0.721499194087,0.719178030569,277.059570882
2400,0.0447007333633,0.0474989432334,0.0435500696505,0.888860727411,0.885960466295,0.892133008921,0.571986334797,0.563106796117,0.573717948718,0.721826310432,0.718220505563,0.719178030569,277.894713076
2410,0.0446520793988,0.0474552642621,0.0434242801283,0.888987454062,0.887480993411,0.892944038929,0.570588235294,0.564705882353,0.576923076923,0.720563121388,0.717780202068,0.720726854318,278.727234474
2420,0.0446369273775,0.0473630598729,0.043371280544,0.888987454062,0.886974151039,0.891727493917,0.567620927937,0.561886051081,0.568659127625,0.718221356152,0.716140857806,0.715731175448,279.559573639
2430,0.0445689154838,0.0471464649592,0.0433926543967,0.889367634013,0.886974151039,0.892538523925,0.568462679189,0.560157790927,0.571890145396,0.718446243709,0.714801273735,0.717279999196,280.39955739
2440,0.044492830208,0.046993799839,0.0434409789859,0.889621087315,0.886467308667,0.891727493917,0.569025235032,0.555555555556,0.567260940032,0.718596168746,0.711822345402,0.714662198149,281.212139524
2450,0.0444823064292,0.0470554608581,0.0434257591485,0.889494360664,0.887480993411,0.891727493917,0.570443349754,0.562992125984,0.568659127625,0.71985935779,0.716440617997,0.715731175448,282.023643503
2460,0.0444253007963,0.046919449966,0.0434477124114,0.889747813965,0.889508362899,0.892538523925,0.565868263473,0.562248995984,0.564860426929,0.715994828139,0.713620906553,0.711935112701,282.837768475
2470,0.0443814728314,0.0469675627034,0.0434614608362,0.890001267267,0.887987835783,0.890916463909,0.569871159564,0.562376237624,0.562601626016,0.718821056302,0.715400794119,0.712044397102,283.679217613
2480,0.0443270361061,0.0469568955186,0.0434377703028,0.890001267267,0.890015205271,0.890916463909,0.567729083665,0.565130260521,0.562601626016,0.717148366849,0.715260250816,0.712044397102,284.512971827
2490,0.044282511274,0.046879485352,0.0434928242113,0.889494360664,0.889508362899,0.890105433901,0.566169154229,0.565737051793,0.559349593496,0.716513978883,0.716300074694,0.710495573354,285.345377016
2500,0.0442480047728,0.0468103055976,0.0435148887735,0.889874540616,0.889508362899,0.890510948905,0.568306010929,0.56746031746,0.560260586319,0.717742480111,0.717639658765,0.710735496578,286.157011883
2510,0.0442307077557,0.0468245792109,0.0434747191003,0.890127993917,0.887987835783,0.890105433901,0.569727047146,0.564102564103,0.559349593496,0.71856148093,0.716740378189,0.710495573354,286.968624373
2520,0.0443175978992,0.0469488525667,0.0436484333929,0.890127993917,0.887480993411,0.889294403893,0.570153693604,0.56640625,0.553191489362,0.718896018821,0.719119786138,0.706808795008,287.781773917
2530,0.0441019375417,0.0470249720326,0.0434260472519,0.891268533773,0.885960466295,0.889699918897,0.5810546875,0.563106796117,0.559870550162,0.726261439305,0.718220505563,0.711324627428,288.608372098
2540,0.0440636074209,0.046966662862,0.0436313540944,0.891395260423,0.886467308667,0.890510948905,0.581338544211,0.56420233463,0.561688311688,0.726336401824,0.718520265755,0.711804473877,289.441270243
2550,0.0440267835434,0.0469077190004,0.0434526812693,0.890888353821,0.885960466295,0.891321978913,0.580204778157,0.563106796117,0.567741935484,0.726036551749,0.718220505563,0.715491252223,290.274108948
2560,0.0439829617144,0.0469458437836,0.0434925924437,0.891141807122,0.886467308667,0.891321978913,0.582807187955,0.56420233463,0.570512820513,0.72785916624,0.718520265755,0.717629206821,291.106693753
2570,0.0439031294978,0.046718460389,0.0432688525892,0.891775440375,0.884946781551,0.891321978913,0.587439613527,0.559223300971,0.573248407643,0.73091028196,0.716281401109,0.719767161419,291.917946333
2580,0.0438865047391,0.0466979946298,0.043291634381,0.891141807122,0.885453623923,0.891727493917,0.584421867441,0.560311284047,0.575516693164,0.729197317803,0.7165811613,0.721076061943,292.729256728
2590,0.0438679212408,0.0467076496113,0.0433075625264,0.891268533773,0.884439939179,0.891321978913,0.585907335907,0.558139534884,0.574603174603,0.730275893994,0.715981640917,0.720836138718,293.54081928
2600,0.0437656467017,0.046797076377,0.0433696419239,0.891521987074,0.886974151039,0.889699918897,0.579154375615,0.561886051081,0.558441558442,0.724404136998,0.716140857806,0.710255650129,294.372698786
2610,0.0436880672109,0.0465506451124,0.0434341198223,0.892409073628,0.886974151039,0.889699918897,0.584027437531,0.561886051081,0.557003257329,0.727270639864,0.716140857806,0.70918667283,295.205681779
2620,0.0436966572034,0.0464045930368,0.0434972118677,0.893042706881,0.886974151039,0.889294403893,0.586679725759,0.560157790927,0.554649265905,0.72864906613,0.714801273735,0.707877772307,296.040149823
2630,0.0437288843894,0.0464950060393,0.043359186904,0.891902167026,0.885960466295,0.889294403893,0.584914841849,0.561403508772,0.56038647343,0.728643479243,0.716880921492,0.712153681503,296.86850529
2640,0.0436309192867,0.0464540728815,0.0434999387691,0.892915980231,0.886467308667,0.891321978913,0.586797066015,0.55905511811,0.564935064935,0.728908641502,0.714501513543,0.713353297625,297.68154327
2650,0.0436418506405,0.0464659122308,0.0434942055268,0.892915980231,0.886467308667,0.890510948905,0.58920758386,0.55905511811,0.563106796117,0.730915868847,0.714501513543,0.712873451176,298.48463987
2660,0.043608597544,0.0464301051366,0.0435068504374,0.893169433532,0.886467308667,0.891727493917,0.588579795022,0.560784313725,0.565853658537,0.730062180212,0.715841097614,0.71359322085,299.285492196
2670,0.0436179198721,0.046467994742,0.0435111440627,0.893676340134,0.886467308667,0.891727493917,0.590931253047,0.560784313725,0.565853658537,0.731365643959,0.715841097614,0.71359322085,300.071746697
2680,0.0436526352684,0.0463738699014,0.0434612197721,0.893422886833,0.886974151039,0.891727493917,0.588350465002,0.563600782779,0.567260940032,0.729543029468,0.717480441876,0.714662198149,300.861353634
2690,0.0435949613106,0.0463047752471,0.0434584895273,0.893296160182,0.887480993411,0.891321978913,0.586444007859,0.562992125984,0.560655737705,0.728129915386,0.716440617997,0.710146365728,301.659628464
2700,0.0436365892432,0.0462472511138,0.0435755881608,0.892409073628,0.888494678155,0.890916463909,0.581154415392,0.565217391304,0.561174551387,0.724928874629,0.717040138381,0.710975419803,302.452155742
2710,0.0435801139445,0.0462746350814,0.0435148154734,0.893169433532,0.886467308667,0.891727493917,0.583703703704,0.555555555556,0.560131795717,0.726047725523,0.711822345402,0.709317311654,303.254414571
2720,0.0435344528878,0.0463018725271,0.0434844667656,0.892535800279,0.885960466295,0.890916463909,0.583497053045,0.557956777996,0.561174551387,0.726676526602,0.714201753351,0.710975419803,304.055555037
2730,0.0435661690382,0.0464320134195,0.0435526060066,0.893169433532,0.886467308667,0.890105433901,0.586562040216,0.560784313725,0.556464811784,0.728389490758,0.715841097614,0.708357618756,304.860573186
2740,0.0434966831685,0.0463461365913,0.0435197992835,0.892915980231,0.886974151039,0.890510948905,0.587200781632,0.56530214425,0.561688311688,0.729243179393,0.718820025946,0.711804473877,305.712295839
2750,0.0435668160892,0.046517104242,0.0435230547305,0.89278925358,0.887480993411,0.891727493917,0.58651026393,0.564705882353,0.567260940032,0.728833678984,0.717780202068,0.714662198149,306.559917999
2760,0.0434326800063,0.0462976369403,0.0436290306111,0.893042706881,0.885960466295,0.890510948905,0.586274509804,0.557956777996,0.55737704918,0.72831452824,0.714201753351,0.70859754198,307.408376588
2770,0.043493731843,0.0462463016091,0.0439110172181,0.892535800279,0.889508362899,0.891727493917,0.575150300601,0.560483870968,0.554257095159,0.719985768786,0.712281322483,0.705041402458,308.240539887
2780,0.0433372398602,0.0463101418833,0.0435969428155,0.893042706881,0.886467308667,0.890916463909,0.587487781036,0.560784313725,0.562601626016,0.729318141912,0.715841097614,0.712044397102,309.060199098
2790,0.0433339533497,0.0462955252905,0.0435975470466,0.893169433532,0.886974151039,0.890916463909,0.588177821202,0.561886051081,0.562601626016,0.729727642321,0.716140857806,0.712044397102,309.880073289
2800,0.0433380103389,0.0462830857617,0.0435617879795,0.892662526929,0.886467308667,0.891321978913,0.58541360744,0.557312252964,0.563517915309,0.728089640683,0.713161929473,0.712284320326,310.697682713
2810,0.043303285979,0.0462094926038,0.0434479925201,0.892662526929,0.887480993411,0.891321978913,0.58541360744,0.561264822134,0.564935064935,0.728089640683,0.715101033927,0.713353297625,311.498059614
2820,0.0432899693189,0.0463253701971,0.0434298988744,0.893042706881,0.889001520527,0.891727493917,0.589094449854,0.571428571429,0.571428571429,0.730656293475,0.721358650784,0.717869130046,312.305062437
2830,0.0432487323866,0.0461601485591,0.0432552275985,0.893296160182,0.891535732387,0.891321978913,0.585221674877,0.577075098814,0.564935064935,0.727126301714,0.722857451744,0.713353297625,313.107777293
2840,0.0432246883176,0.0460062169067,0.0434086044336,0.893549613484,0.891535732387,0.890105433901,0.582919563059,0.572,0.556464811784,0.724934461516,0.718838699532,0.708357618756,313.926754083
2850,0.04319503098,0.0461094089476,0.0432997409533,0.893422886833,0.890522047643,0.890510948905,0.586732186732,0.574803149606,0.561688311688,0.728204877905,0.72225793136,0.711804473877,314.752287202
2860,0.0431776273755,0.046009329649,0.0434837046189,0.893549613484,0.889001520527,0.890105433901,0.593417231365,0.573099415205,0.565008025682,0.733632446676,0.722698234855,0.71477148255,315.57396958
2870,0.0431581161591,0.046060423434,0.0435330909515,0.892409073628,0.889001520527,0.889699918897,0.593195975084,0.574757281553,0.569620253165,0.734965011352,0.724037818925,0.718807468521,316.387895088
2880,0.0431289251838,0.0460898866768,0.0434243285037,0.893296160182,0.888494678155,0.889294403893,0.593629343629,0.571984435798,0.5632,0.73415159742,0.722398474663,0.714291636101,317.190318117
2890,0.0430119721189,0.0460538263177,0.0435695665107,0.894309973387,0.888494678155,0.889294403893,0.595930232558,0.571984435798,0.564593301435,0.73475129757,0.722398474663,0.7153606134,317.99146787
2900,0.043019952371,0.0460133745841,0.0435510561972,0.894183246737,0.887987835783,0.890105433901,0.594463331714,0.570873786408,0.563607085346,0.733672721379,0.722098714471,0.713702505251,318.795430624
2910,0.043025974376,0.0459956983182,0.043630696553,0.893169433532,0.889508362899,0.888077858881,0.592162554427,0.575875486381,0.56050955414,0.733073021229,0.724337579117,0.713571866427,319.616371869
2920,0.0429809024802,0.0460097101618,0.0434376245079,0.893803066785,0.888494678155,0.889699918897,0.59555984556,0.571984435798,0.566878980892,0.735120523276,0.722398474663,0.716669513923,320.438562221
2930,0.0429676995221,0.0459992357648,0.0434306686289,0.893929793436,0.889001520527,0.889699918897,0.595456742388,0.573099415205,0.566878980892,0.734860947904,0.722698234855,0.716669513923,321.261485392
2940,0.0430231395894,0.0460122709812,0.0435349596926,0.892915980231,0.889508362899,0.888483373885,0.590402326709,0.57421875,0.561403508772,0.731919482519,0.722997995047,0.713811789651,322.071376574
2950,0.0429954723479,0.0459551466544,0.043362524158,0.893929793436,0.889001520527,0.890510948905,0.597402597403,0.574757281553,0.571428571429,0.736533637358,0.724037818925,0.71928731497,322.872241517
2960,0.0429184321276,0.045888503169,0.0433475968733,0.894056520086,0.887987835783,0.890916463909,0.596914175506,0.570873786408,0.572337042925,0.735939524095,0.722098714471,0.719527238195,323.67328169
2970,0.0429060024113,0.0459884477661,0.043284087672,0.893676340134,0.889001520527,0.891321978913,0.596828447862,0.576402321083,0.574603174603,0.736383712321,0.725377402996,0.720836138718,324.476036475
2980,0.0428780714497,0.0459446226221,0.0434477541169,0.894183246737,0.889001520527,0.890510948905,0.596813133752,0.571428571429,0.567307692308,0.735679948723,0.721358650784,0.716080383073,325.297098217
2990,0.0428573424617,0.0458963778613,0.0435151069276,0.893422886833,0.888494678155,0.891321978913,0.591549295775,0.56862745098,0.567741935484,0.732219332594,0.719719306522,0.715491252223,326.117854662
